cosine_score,verse_title,volume_title,internal_id,parent_id,order,website_url,text_woodruff,text_scriptures,dates
1.0,Doctrine and Covenants 107:56,Doctrine and Covenants,5546,3249.0,192,https://wilfordwoodruffpapers.org/documents/7456c473-8940-48a2-9b21-c5524293fb36/page/f20b968e-e44e-4083-b1ed-a091ee53a606,"""And Adam stood up in the midst of the congregation and Notwithstanding he",And Adam stood up in the midst of the congregation and notwithstanding he,1862-02-12
1.0,Doctrine and Covenants 136:11,Doctrine and Covenants,2688,1422.0,15,https://wilfordwoodruffpapers.org/documents/3d99b637-a97a-4b98-9596-3a5e875b1c26/page/9487368d-8e98-4355-a4a8-7f45d1e25258,And if ye do this with a pure heart in all faithfulness ye,And if ye do this with a pure heart in all faithfulness ye,
1.0,Doctrine and Covenants 136:15,Doctrine and Covenants,2688,1422.0,15,https://wilfordwoodruffpapers.org/documents/3d99b637-a97a-4b98-9596-3a5e875b1c26/page/9487368d-8e98-4355-a4a8-7f45d1e25258,appoint Presidents and Captains of hundreds and of fifties and of tens And,And appoint presidents and captains of hundreds and of fifties and of tens,
1.0,Doctrine and Covenants 136:35,Doctrine and Covenants,2688,1422.0,15,https://wilfordwoodruffpapers.org/documents/3d99b637-a97a-4b98-9596-3a5e875b1c26/page/9487368d-8e98-4355-a4a8-7f45d1e25258,and now cometh the day of their calamity even the days of sorrow,And now cometh the day of their calamity even the days of sorrow,
0.98696,Doctrine and Covenants 136:10,Doctrine and Covenants,2687,1422.0,14,https://wilfordwoodruffpapers.org/documents/3d99b637-a97a-4b98-9596-3a5e875b1c26/page/b3fd393e-00df-49ea-a12d-71e3979caba9,people Let every man use all his influence and property to remove this people to the place where the Lord shall locate a stake of Zion,Let every man use all his influence and property to remove this people to the place where the Lord shall locate a stake of Zion,1847-01-20|1847-01-21
0.96866,Doctrine and Covenants 136:16,Doctrine and Covenants,2688,1422.0,15,https://wilfordwoodruffpapers.org/documents/3d99b637-a97a-4b98-9596-3a5e875b1c26/page/9487368d-8e98-4355-a4a8-7f45d1e25258,let my servants that have been appointed go and teach this my will,And let my servants that have been appointed go and teach this my,
0.95729,Doctrine and Covenants 128:17,Doctrine and Covenants,1534,670.0,110,https://wilfordwoodruffpapers.org/documents/b948c569-345d-494f-b7e8-0c172cc29dde/page/21309aa7-a1cd-4ad1-9764-82c31e08d8df,"to their Fathers lest I come and smite the Earth with a curse""",of the children to their fathers lest I come and smite the earth with a curse,
0.93645,Doctrine and Covenants 136:12,Doctrine and Covenants,2688,1422.0,15,https://wilfordwoodruffpapers.org/documents/3d99b637-a97a-4b98-9596-3a5e875b1c26/page/9487368d-8e98-4355-a4a8-7f45d1e25258,Let my servants Ezra Taft Benson and Erastus Snow organize a company and,Let my servants Ezra T Benson and Erastus Snow organize a company,
0.92841,Doctrine and Covenants 132:22,Doctrine and Covenants,4282,670.0,207,https://wilfordwoodruffpapers.org/documents/d6ff36bc-c443-4026-97ea-9b64c6cd39bf/page/7b283d3c-6852-4045-ae5c-3f9caf69c1df,"the text ""strait is the gate and narrow the way that leadeth unto",For strait is the gate and narrow the way that leadeth unto the,1857-03-07|1857-03-08|1857-03-09|1857-03-10
0.92688,Doctrine and Covenants 136:19,Doctrine and Covenants,2688,1422.0,15,https://wilfordwoodruffpapers.org/documents/3d99b637-a97a-4b98-9596-3a5e875b1c26/page/9487368d-8e98-4355-a4a8-7f45d1e25258,any man shall seek to build up himself and seeketh not my council,And if any man shall seek to build up himself and seeketh not,
0.91665,Doctrine and Covenants 136:1,Doctrine and Covenants,2687,1422.0,14,https://wilfordwoodruffpapers.org/documents/3d99b637-a97a-4b98-9596-3a5e875b1c26/page/b3fd393e-00df-49ea-a12d-71e3979caba9,the Lord concerning the camp of Israel In their journeyings to the west,The Word and Will of the Lord concerning the Camp of Israel in their journeyings to the West,1847-01-20|1847-01-21
0.91576,Doctrine and Covenants 135:6,Doctrine and Covenants,1075,665.0,83,https://wilfordwoodruffpapers.org/documents/7faeb4d6-cd79-4d9d-ac46-d802357bed33/page/73477f2a-3705-4b6f-a454-c228019a203c,Book of Mormon and book of Doctrine and Covenants Elder W Woodruff was,the Book of Mormon and this book of Doctrine and Covenants of the,1836-05-28
0.91513,Doctrine and Covenants 136:18,Doctrine and Covenants,2688,1422.0,15,https://wilfordwoodruffpapers.org/documents/3d99b637-a97a-4b98-9596-3a5e875b1c26/page/9487368d-8e98-4355-a4a8-7f45d1e25258,work Zion shall be redeemed in mine own due time time and if,Zion shall be redeemed in mine own due time,
0.91418,Doctrine and Covenants 136:34,Doctrine and Covenants,2688,1422.0,15,https://wilfordwoodruffpapers.org/documents/3d99b637-a97a-4b98-9596-3a5e875b1c26/page/9487368d-8e98-4355-a4a8-7f45d1e25258,rejected you and your testimony even the Nation that has driven you out,Thy brethren have rejected you and your testimony even the nation that has driven you out,
0.91179,Doctrine and Covenants 135:6,Doctrine and Covenants,4309,670.0,234,https://wilfordwoodruffpapers.org/documents/ec850713-babd-404e-a9e5-8829a3ac1086/page/fab69a10-50da-4c2c-a589-77c170b91235,The Book of Mormon The Book of Doctrine and Covenants The Latter Day,the Book of Mormon and this book of Doctrine and Covenants of the,
0.89929,Doctrine and Covenants 136:28,Doctrine and Covenants,2688,1422.0,15,https://wilfordwoodruffpapers.org/documents/3d99b637-a97a-4b98-9596-3a5e875b1c26/page/9487368d-8e98-4355-a4a8-7f45d1e25258,thou art merry praise the Lord with singing with music with dancing and,If thou art merry praise the Lord with singing with music with dancing and with a prayer of praise and thanksgiving,
0.89529,Doctrine and Covenants 2:2,Doctrine and Covenants,960,667.0,217,https://wilfordwoodruffpapers.org/documents/c4e1c210-e5e3-4257-9a81-8c91a3ab0f08/page/fa96f9cb-d5e4-4bf8-89e0-8d3815eea035,He shall turn the hearts of the Fathers to the Children and the,to the fathers and the hearts of the children shall turn to their fathers,
0.89027,Doctrine and Covenants 13:1,Doctrine and Covenants,5254,3249.0,61,https://wilfordwoodruffpapers.org/documents/5af7f715-0d8d-46bf-90a3-32695824477e/page/e2b48a6a-64d8-4c0f-9e8f-ab9be8192650,order of Aaron OT holds the priesthood keys of the ministering of angels,Priesthood of Aaron which holds the keys of the ministering of angels and,1860-07-28
0.88684,Doctrine and Covenants 2:2,Doctrine and Covenants,2817,1422.0,305,https://wilfordwoodruffpapers.org/documents/fc109354-b97c-4c06-8b88-dff1fcfb992c/page/867fd65b-1153-4bfd-96d2-874738a78c0e,is to turn the hearts of the children to their fathers and the,to the fathers and the hearts of the children shall turn to their fathers,1851-01-27|1851-01-28|1851-01-29|1851-01-30|1851-01-31|1851-02-01|1851-02-02
0.88483,Doctrine and Covenants 121:36,Doctrine and Covenants,11009,5154.0,72,https://wilfordwoodruffpapers.org/documents/155bc7b5-097e-48ce-98c0-e701ca1d2cee/page/baf223d3-5eea-4f39-aea5-fdcd08987007,heaven cannot be controlled nor handled only upon the principles of Righteousness such,heaven and that the powers of heaven cannot be controlled nor handled only upon the principles of righteousness,
0.88417,Doctrine and Covenants 136:3,Doctrine and Covenants,2687,1422.0,14,https://wilfordwoodruffpapers.org/documents/3d99b637-a97a-4b98-9596-3a5e875b1c26/page/b3fd393e-00df-49ea-a12d-71e3979caba9,our God Let the companies be organized with Captains of Hundreds Captains of,Let the companies be organized with captains of hundreds captains of fifties and,1847-01-20|1847-01-21
0.88292,Doctrine and Covenants 136:16,Doctrine and Covenants,2688,1422.0,15,https://wilfordwoodruffpapers.org/documents/3d99b637-a97a-4b98-9596-3a5e875b1c26/page/9487368d-8e98-4355-a4a8-7f45d1e25258,to the Saints that they may be ready to go to a land,will to the saints that they may be ready to go to a land of peace,
0.88128,Doctrine and Covenants 128:17,Doctrine and Covenants,2817,1422.0,305,https://wilfordwoodruffpapers.org/documents/fc109354-b97c-4c06-8b88-dff1fcfb992c/page/867fd65b-1153-4bfd-96d2-874738a78c0e,fathers to the children lest I come and smite the whole Earth with a curse the answer,of the children to their fathers lest I come and smite the earth with a curse,1851-01-27|1851-01-28|1851-01-29|1851-01-30|1851-01-31|1851-02-01|1851-02-02
0.87995,Doctrine and Covenants 56:11,Doctrine and Covenants,11002,5154.0,71,https://wilfordwoodruffpapers.org/documents/155bc7b5-097e-48ce-98c0-e701ca1d2cee/page/914d1e62-b81b-4715-a879-4b65a47f7d24,Heaven and Earth Pass away my words shall not pass away but shall,And though the heaven and the earth pass away these words shall not pass away but shall be fulfilled,
0.8786,Doctrine and Covenants 136:2,Doctrine and Covenants,2687,1422.0,14,https://wilfordwoodruffpapers.org/documents/3d99b637-a97a-4b98-9596-3a5e875b1c26/page/b3fd393e-00df-49ea-a12d-71e3979caba9,Saints and those who journey with them be organized into companies with a,and those who journey with them be organized into companies with a covenant,1847-01-20|1847-01-21
0.87819,Doctrine and Covenants 27:9,Doctrine and Covenants,1534,670.0,110,https://wilfordwoodruffpapers.org/documents/b948c569-345d-494f-b7e8-0c172cc29dde/page/21309aa7-a1cd-4ad1-9764-82c31e08d8df,Hearts of the Fathers to the children and the hearts of the children,of turning the hearts of the fathers to the children and the hearts,
0.8772,Doctrine and Covenants 136:2,Doctrine and Covenants,2687,1422.0,14,https://wilfordwoodruffpapers.org/documents/3d99b637-a97a-4b98-9596-3a5e875b1c26/page/b3fd393e-00df-49ea-a12d-71e3979caba9,covenant and promise to keep all the commandments and Statutes of the Lord,and promise to keep all the commandments and statutes of the Lord our God,1847-01-20|1847-01-21
0.8728,Doctrine and Covenants 136:20,Doctrine and Covenants,2688,1422.0,15,https://wilfordwoodruffpapers.org/documents/3d99b637-a97a-4b98-9596-3a5e875b1c26/page/9487368d-8e98-4355-a4a8-7f45d1e25258,ye and keep all your pledges one with another and covet not that,Seek ye and keep all your pledges one with another and covet not that which is thy brother's,
0.87141,Doctrine and Covenants 136:32,Doctrine and Covenants,2688,1422.0,15,https://wilfordwoodruffpapers.org/documents/3d99b637-a97a-4b98-9596-3a5e875b1c26/page/9487368d-8e98-4355-a4a8-7f45d1e25258,be opened that he may see and his ears opened that he may,the Lord his God that his eyes may be opened that he may see and his ears opened that he may hear,
0.86672,Doctrine and Covenants 76:34,Doctrine and Covenants,1583,670.0,79,https://wilfordwoodruffpapers.org/documents/3f0ca611-7598-454f-b284-614ccecebd89/page/cc68d918-7330-4715-8471-b08eaa1690b7,there is no forgiveness in this world nor in the world to come,Concerning whom I have said there is no forgiveness in this world nor in the world to come,
0.86204,Doctrine and Covenants 136:9,Doctrine and Covenants,2687,1422.0,14,https://wilfordwoodruffpapers.org/documents/3d99b637-a97a-4b98-9596-3a5e875b1c26/page/b3fd393e-00df-49ea-a12d-71e3979caba9,behind this season and this is the will of the Lord concerning his,are to remain behind this season and this is the will of the Lord concerning his people,1847-01-20|1847-01-21
0.86129,Doctrine and Covenants 56:11,Doctrine and Covenants,11802,5156.0,300,https://wilfordwoodruffpapers.org/documents/54a46342-ebf2-4582-a6e9-a4f4a0a758cf/page/fa6043dd-afa3-46b9-bd05-08e763b0e2cb,and earth pass away my words shall not pass away but shall be,And though the heaven and the earth pass away these words shall not pass away but shall be fulfilled,
0.86088,Doctrine and Covenants 98:16,Doctrine and Covenants,1534,670.0,110,https://wilfordwoodruffpapers.org/documents/b948c569-345d-494f-b7e8-0c172cc29dde/page/21309aa7-a1cd-4ad1-9764-82c31e08d8df,Hearts of the Fathers to the children and the hearts of the children,of the children to their fathers and the hearts of the fathers to the children,
0.85927,Doctrine and Covenants 136:27,Doctrine and Covenants,2688,1422.0,15,https://wilfordwoodruffpapers.org/documents/3d99b637-a97a-4b98-9596-3a5e875b1c26/page/9487368d-8e98-4355-a4a8-7f45d1e25258,free gift of the Lord thy God and thou art his steward If,a wise steward for it is the free gift of the Lord thy God and thou art his steward,
0.85794,Doctrine and Covenants 136:26,Doctrine and Covenants,2688,1422.0,15,https://wilfordwoodruffpapers.org/documents/3d99b637-a97a-4b98-9596-3a5e875b1c26/page/9487368d-8e98-4355-a4a8-7f45d1e25258,that which thy neighbor has lost thou shalt make diligent search till thou,If thou shalt find that which thy neighbor has lost thou shalt make diligent search till thou shalt deliver it to him again,
0.8527,Doctrine and Covenants 98:16,Doctrine and Covenants,3044,1422.0,96,https://wilfordwoodruffpapers.org/documents/3596d420-0bb3-4897-aa4b-61397190e5e7/page/f223f855-ed36-4f7f-ad77-9a4aa01d2ae6,the fathers to the children and the children to their fathers the fulfillment,of the children to their fathers and the hearts of the fathers to the children,
0.85269,Doctrine and Covenants 63:3,Doctrine and Covenants,11847,5156.0,306,https://wilfordwoodruffpapers.org/documents/54a46342-ebf2-4582-a6e9-a4f4a0a758cf/page/fa24b89b-ad71-45d3-b87d-b963517b171a,I take whom I will take and preserve in life whom I will,Who willeth to take even them whom he will take and preserveth in life them whom he will preserve,
0.84846,Doctrine and Covenants 136:21,Doctrine and Covenants,2688,1422.0,15,https://wilfordwoodruffpapers.org/documents/3d99b637-a97a-4b98-9596-3a5e875b1c26/page/9487368d-8e98-4355-a4a8-7f45d1e25258,the God of your Fathers the God of Abraham and of Isaac and,for I am the Lord your God even the God of your fathers the God of Abraham and of Isaac and of Jacob,
0.8481,Doctrine and Covenants 136:22,Doctrine and Covenants,2688,1422.0,15,https://wilfordwoodruffpapers.org/documents/3d99b637-a97a-4b98-9596-3a5e875b1c26/page/9487368d-8e98-4355-a4a8-7f45d1e25258,of Jacob I am he who led the children of Israel out of,I am he who led the children of Israel out of the land,
0.84576,Doctrine and Covenants 136:36,Doctrine and Covenants,2688,1422.0,15,https://wilfordwoodruffpapers.org/documents/3d99b637-a97a-4b98-9596-3a5e875b1c26/page/9487368d-8e98-4355-a4a8-7f45d1e25258,and they that were sent unto them and they have shed innocent blood which crieth from,For they killed the prophets and them that were sent unto them and they have shed innocent blood which crieth from the ground against them,
0.84415,Doctrine and Covenants 136:7,Doctrine and Covenants,2687,1422.0,14,https://wilfordwoodruffpapers.org/documents/3d99b637-a97a-4b98-9596-3a5e875b1c26/page/b3fd393e-00df-49ea-a12d-71e3979caba9,to tarry Let each company with their Captains and Presidents decide how many,Let each company with their captains and presidents decide how many can go,1847-01-20|1847-01-21
0.8432,Doctrine and Covenants 107:55,Doctrine and Covenants,5546,3249.0,192,https://wilfordwoodruffpapers.org/documents/7456c473-8940-48a2-9b21-c5524293fb36/page/f20b968e-e44e-4083-b1ed-a091ee53a606,"Nations shall come of thee and thou art a prince over them forever""",set thee to be at the head a multitude of nations shall come of thee and thou art a prince over them forever,1862-02-12
0.84308,Doctrine and Covenants 136:42,Doctrine and Covenants,2689,1422.0,16,https://wilfordwoodruffpapers.org/documents/3d99b637-a97a-4b98-9596-3a5e875b1c26/page/afae67b4-9d16-4eb3-b9b2-dca24341195b,kingdom be diligent in keeping all my commandments lest judgment come upon you,Be diligent in keeping all my commandments lest judgments come upon you and,1847-01-22|1847-01-23|1847-01-24|1847-01-25|1847-01-26
0.84192,Doctrine and Covenants 27:9,Doctrine and Covenants,960,667.0,217,https://wilfordwoodruffpapers.org/documents/c4e1c210-e5e3-4257-9a81-8c91a3ab0f08/page/fa96f9cb-d5e4-4bf8-89e0-8d3815eea035,of the hearts fathers unto the Children and the hearts of the children,of turning the hearts of the fathers to the children and the hearts,
0.84081,Doctrine and Covenants 135:6,Doctrine and Covenants,11344,5155.0,420,https://wilfordwoodruffpapers.org/documents/f0599297-1498-4aae-a1df-9dca55a7b5f7/page/96b62055-92a4-47d0-b902-9e2a41f54451,April 6 1892 Book of Mormon Book of Doctrine and Covenants voice of,the Book of Mormon and this book of Doctrine and Covenants of the,1892-04-06
0.83871,Doctrine and Covenants 136:24,Doctrine and Covenants,2688,1422.0,15,https://wilfordwoodruffpapers.org/documents/3d99b637-a97a-4b98-9596-3a5e875b1c26/page/9487368d-8e98-4355-a4a8-7f45d1e25258,to speak evil one of another Cease drunkenness and let your words tend,Cease drunkenness and let your words tend to edifying one another,
0.83238,Doctrine and Covenants 136:11,Doctrine and Covenants,2688,1422.0,15,https://wilfordwoodruffpapers.org/documents/3d99b637-a97a-4b98-9596-3a5e875b1c26/page/9487368d-8e98-4355-a4a8-7f45d1e25258,shall be blessed you shall be blessed in your flocks and in your,shall be blessed you shall be blessed in your flocks and in your herds and in your fields and in your houses and in your families,
0.83185,Doctrine and Covenants 43:25,Doctrine and Covenants,2689,1422.0,16,https://wilfordwoodruffpapers.org/documents/3d99b637-a97a-4b98-9596-3a5e875b1c26/page/afae67b4-9d16-4eb3-b9b2-dca24341195b,upon by mine Angels my ministering servants and by mine own voice out,and by the ministering of angels and by mine own voice and by,1847-01-22|1847-01-23|1847-01-24|1847-01-25|1847-01-26
0.82947,Doctrine and Covenants 128:17,Doctrine and Covenants,1534,670.0,110,https://wilfordwoodruffpapers.org/documents/b948c569-345d-494f-b7e8-0c172cc29dde/page/21309aa7-a1cd-4ad1-9764-82c31e08d8df,"verses ""Behold I will send you Elijah the prophet before the coming of",verses 5th and 6th Behold I will send you Elijah the prophet before,
0.8287,Doctrine and Covenants 68:25,Doctrine and Covenants,776,663.0,143,https://wilfordwoodruffpapers.org/documents/ca36e462-9a76-4f56-bf7a-1a4375d96e06/page/e0d85b42-6ab9-45ea-8246-425497dccbd2,the gift of the Holy Ghost by the laying on of hands When,baptism and the gift of the Holy Ghost by the laying on of,
0.82786,Doctrine and Covenants 76:10,Doctrine and Covenants,284,663.0,263,https://wilfordwoodruffpapers.org/documents/28d1f663-cbcb-47a4-9b1c-a2fb81a52ba5/page/667a60ce-4c84-4e01-893b-ffda943c32ca,that the eye had not seen nor the ear heard nor the heart,which eye has not seen nor ear heard nor yet entered into the heart of man,
0.82687,Doctrine and Covenants 103:27,Doctrine and Covenants,10996,5154.0,70,https://wilfordwoodruffpapers.org/documents/155bc7b5-097e-48ce-98c0-e701ca1d2cee/page/3e5ee3d2-665c-4e77-a152-12512ef9fe2a,4 Man be afraid to lay down his life for my sake for,Let no man be afraid to lay down his life for my sake for whoso layeth down his life for my sake shall find it again,
0.82028,Doctrine and Covenants 136:9,Doctrine and Covenants,2687,1422.0,14,https://wilfordwoodruffpapers.org/documents/3d99b637-a97a-4b98-9596-3a5e875b1c26/page/b3fd393e-00df-49ea-a12d-71e3979caba9,prepare houses and fields for raising grain for those who are to remain,Let each company prepare houses and fields for raising grain for those who,1847-01-20|1847-01-21
0.81976,Doctrine and Covenants 98:16,Doctrine and Covenants,2817,1422.0,305,https://wilfordwoodruffpapers.org/documents/fc109354-b97c-4c06-8b88-dff1fcfb992c/page/867fd65b-1153-4bfd-96d2-874738a78c0e,is to turn the hearts of the children to their fathers and the,of the children to their fathers and the hearts of the fathers to the children,1851-01-27|1851-01-28|1851-01-29|1851-01-30|1851-01-31|1851-02-01|1851-02-02
0.81959,Doctrine and Covenants 136:2,Doctrine and Covenants,6124,4352.0,26,https://wilfordwoodruffpapers.org/documents/019f0e91-3740-420b-9d7b-3020d46962c7/page/459d42d0-d61d-4ba8-9af5-e9260fd5d6c2,Church of Jesus Christ of Latterday Saints [] Church of Jesus Christ of,Let all the people of The Church of Jesus Christ of Latterday Saints,1873-04-02|1873-04-03|1873-04-04|1873-04-05|1873-04-06|1873-04-07
0.81724,Doctrine and Covenants 136:37,Doctrine and Covenants,2689,1422.0,16,https://wilfordwoodruffpapers.org/documents/3d99b637-a97a-4b98-9596-3a5e875b1c26/page/afae67b4-9d16-4eb3-b9b2-dca24341195b,upon by mine Angels my ministering servants and by mine own voice out,whom I did call upon by mine angels my ministering servants and by mine own voice out of the heavens to bring forth my work,1847-01-22|1847-01-23|1847-01-24|1847-01-25|1847-01-26
0.81623,Doctrine and Covenants 98:16,Doctrine and Covenants,960,667.0,217,https://wilfordwoodruffpapers.org/documents/c4e1c210-e5e3-4257-9a81-8c91a3ab0f08/page/fa96f9cb-d5e4-4bf8-89e0-8d3815eea035,of the hearts fathers unto the Children and the hearts of the children,of the children to their fathers and the hearts of the fathers to the children,
0.81535,Doctrine and Covenants 93:3,Doctrine and Covenants,5295,3249.0,22,https://wilfordwoodruffpapers.org/documents/50a0b9c5-39bc-44c0-8863-706f68609f60/page/19f28e83-ec1f-4d38-a221-cce91cec1997,said I am in the Father and the Father in me Now I,And that I am in the Father and the Father in me and the Father and I are one,
0.81331,Doctrine and Covenants 136:14,Doctrine and Covenants,2688,1422.0,15,https://wilfordwoodruffpapers.org/documents/3d99b637-a97a-4b98-9596-3a5e875b1c26/page/9487368d-8e98-4355-a4a8-7f45d1e25258,my servants Amasa Mason Lyman and George Albert Smith organize a company and,Also let my servants Amasa Lyman and George A Smith organize a company,
0.81148,Doctrine and Covenants 1:38,Doctrine and Covenants,6521,4352.0,383,https://wilfordwoodruffpapers.org/documents/01d0b9e2-d749-4961-97ab-db535ed3115b/page/cdc1a08b-0803-4acb-9e88-01aec485b54f,13 What I have spoken I have spoken and I excuse not myself And though the Heavens and [Earth] pass away my words will not pass,What I the Lord have spoken I have spoken and I excuse not myself and though the heavens and the earth pass away my word shall,
0.80765,Doctrine and Covenants 136:42,Doctrine and Covenants,2689,1422.0,16,https://wilfordwoodruffpapers.org/documents/3d99b637-a97a-4b98-9596-3a5e875b1c26/page/afae67b4-9d16-4eb3-b9b2-dca24341195b,and your faith fail you and your enemies triumph over you So no,your faith fail you and your enemies triumph over you So no more at present Amen and Amen,1847-01-22|1847-01-23|1847-01-24|1847-01-25|1847-01-26
0.80685,Doctrine and Covenants 136:25,Doctrine and Covenants,2688,1422.0,15,https://wilfordwoodruffpapers.org/documents/3d99b637-a97a-4b98-9596-3a5e875b1c26/page/9487368d-8e98-4355-a4a8-7f45d1e25258,to edeyfing one another If thou borrowest of thy neighbor thou shalt restore,If thou borrowest of thy neighbor thou shalt restore that which thou hast,
0.80579,Doctrine and Covenants 138:33,Doctrine and Covenants,776,663.0,143,https://wilfordwoodruffpapers.org/documents/ca36e462-9a76-4f56-bf7a-1a4375d96e06/page/e0d85b42-6ab9-45ea-8246-425497dccbd2,the gift of the Holy Ghost by the laying on of hands When,remission of sins the gift of the Holy Ghost by the laying on of hands,
0.80565,Doctrine and Covenants 105:15,Doctrine and Covenants,10979,5154.0,67,https://wilfordwoodruffpapers.org/documents/155bc7b5-097e-48ce-98c0-e701ca1d2cee/page/efed2219-7214-41da-b542-b02b8e0c8949,mine Enemies and not many years hence they shall not be left to,enemies and not many years hence they shall not be left to pollute,
0.80511,Doctrine and Covenants 49:24,Doctrine and Covenants,1547,670.0,83,https://wilfordwoodruffpapers.org/documents/f6fb0076-1155-451e-a230-8e64e28d60aa/page/f381dbb3-3a2a-44d6-8ccc-3f946a2b2624,state of things Jacob shall flourish in the wilderness the Lamanites shall blossom,But before the great day of the Lord shall come Jacob shall flourish in the wilderness and the Lamanites shall blossom as the rose,
0.80507,Doctrine and Covenants 103:27,Doctrine and Covenants,11780,5156.0,297,https://wilfordwoodruffpapers.org/documents/54a46342-ebf2-4582-a6e9-a4f4a0a758cf/page/0c1a4f67-2da1-44de-ba98-fd44125bed01,to lay down his life for my sake for he that layeth down,Let no man be afraid to lay down his life for my sake for whoso layeth down his life for my sake shall find it again,
0.80473,Doctrine and Covenants 133:28,Doctrine and Covenants,6518,4352.0,380,https://wilfordwoodruffpapers.org/documents/01d0b9e2-d749-4961-97ab-db535ed3115b/page/5347564e-70d9-4125-afeb-569ba9d4cae8,the Great Deep Their Enemies shall become a prey unto them Bring forth,Their enemies shall become a prey unto them,
0.79933,Doctrine and Covenants 101:90,Doctrine and Covenants,2766,1422.0,253,https://wilfordwoodruffpapers.org/documents/444d870f-113a-48f7-b66e-889ac9ab3426/page/98c1a995-bec7-47dc-9f67-9c5581e1ba35,will cut off those wicked and unjust stewards and Appoint them Portion with,will cut off those wicked unfaithful and unjust stewards and appoint them their portion among hypocrites and unbelievers,
0.79866,Doctrine and Covenants 136:17,Doctrine and Covenants,2688,1422.0,15,https://wilfordwoodruffpapers.org/documents/3d99b637-a97a-4b98-9596-3a5e875b1c26/page/9487368d-8e98-4355-a4a8-7f45d1e25258,fear not thine enemies for they shall not have power to stop my,Go thy way and do as I have told you and fear not thine enemies for they shall not have power to stop my work,
0.79852,Doctrine and Covenants 136:30,Doctrine and Covenants,2688,1422.0,15,https://wilfordwoodruffpapers.org/documents/3d99b637-a97a-4b98-9596-3a5e875b1c26/page/9487368d-8e98-4355-a4a8-7f45d1e25258,not thine enemies for they are in mine hands and I will do,Fear not thine enemies for they are in mine hands and I will do my pleasure with them,
0.79689,Doctrine and Covenants 86:6,Doctrine and Covenants,12012,5156.0,95,https://wilfordwoodruffpapers.org/documents/27c63f74-a534-4079-a464-f7a2c5f91c28/page/6f45867c-6f95-4ad9-85aa-d19862fd783e,while the Blade is yet tender Lest you destroy the wheat also wait,blade is yet tender for verily your faith is weak lest you destroy the wheat also,
0.7959,Doctrine and Covenants 98:16,Doctrine and Covenants,1173,667.0,190,https://wilfordwoodruffpapers.org/documents/6fb99d33-47ee-4659-a6df-809fa58c218f/page/99f6569f-fd40-486c-a173-4e6e4c049c21,children and the hearts of the children to their fathers lest I come,of the children to their fathers and the hearts of the fathers to the children,
0.79333,Doctrine and Covenants 103:40,Doctrine and Covenants,11760,5156.0,294,https://wilfordwoodruffpapers.org/documents/54a46342-ebf2-4582-a6e9-a4f4a0a758cf/page/26d85986-e2a2-47f2-bf29-98064476ceb3,my servant Wilford Woodruff and my servant Orson Pratt and to all the,Let my servant Orson Hyde journey with my servant Orson Pratt whithersoever my,
0.79285,Doctrine and Covenants 86:6,Doctrine and Covenants,12012,5156.0,95,https://wilfordwoodruffpapers.org/documents/27c63f74-a534-4079-a464-f7a2c5f91c28/page/6f45867c-6f95-4ad9-85aa-d19862fd783e,the fields But the Lord [said] unto them pluck not up the tares,But the Lord saith unto them pluck not up the tares while the,
0.7927,Doctrine and Covenants 136:41,Doctrine and Covenants,2689,1422.0,16,https://wilfordwoodruffpapers.org/documents/3d99b637-a97a-4b98-9596-3a5e875b1c26/page/afae67b4-9d16-4eb3-b9b2-dca24341195b,people of my church and ye Elders listen together you have received my,Now therefore hearken O ye people of my church and ye elders listen together you have received my kingdom,1847-01-22|1847-01-23|1847-01-24|1847-01-25|1847-01-26
0.78938,Doctrine and Covenants 121:36,Doctrine and Covenants,11009,5154.0,72,https://wilfordwoodruffpapers.org/documents/155bc7b5-097e-48ce-98c0-e701ca1d2cee/page/baf223d3-5eea-4f39-aea5-fdcd08987007,are inseparably connected with the Powers of heavens and that the powers of,That the rights of the priesthood are inseparably connected with the powers of,
0.78812,Doctrine and Covenants 128:16,Doctrine and Covenants,877,664.0,144,https://wilfordwoodruffpapers.org/documents/2cf90de8-0f05-4fb2-b05f-a1401a20787e/page/47a6cbb2-fbcf-401c-8cf3-498b394d4e4a,"the doctrin ""why are ye baptized for the dead if the dead rise",which are baptized for the dead if the dead rise not at all Why are they then baptized for the dead,1842-03-21|1842-03-23|1842-03-24|1842-03-25|1842-03-26|1842-03-27
0.78768,Doctrine and Covenants 107:55,Doctrine and Covenants,5546,3249.0,192,https://wilfordwoodruffpapers.org/documents/7456c473-8940-48a2-9b21-c5524293fb36/page/f20b968e-e44e-4083-b1ed-a091ee53a606,Prince the Archangel and the Lord administered comfort unto Adam and said unto,And the Lord administered comfort unto Adam and said unto him I have,1862-02-12
0.78743,Doctrine and Covenants 10:21,Doctrine and Covenants,6519,4352.0,381,https://wilfordwoodruffpapers.org/documents/01d0b9e2-d749-4961-97ab-db535ed3115b/page/069a32e0-daac-4d85-badd-996b0121017f,the world and Men love darkness rather than the light because their deeds are Evil,love darkness rather than light because their deeds are evil therefore they will not ask of me,
0.78486,Doctrine and Covenants 128:10,Doctrine and Covenants,11023,5154.0,75,https://wilfordwoodruffpapers.org/documents/155bc7b5-097e-48ce-98c0-e701ca1d2cee/page/8df47e78-88b1-4da9-9596-07fdc9336444,and obey my laws And the Gates of Hell shall not prevail against,church and the gates of hell shall not prevail against it And I,
0.78427,Doctrine and Covenants 136:2,Doctrine and Covenants,2196,669.0,51,https://wilfordwoodruffpapers.org/documents/649f6164-758c-449b-b6ae-29d9c1e6d04e/page/7f203059-7f58-4a5b-9570-feb4bc8adf92,The Church of Jesus Christ of Latterday Saints the Zion of God and,Let all the people of The Church of Jesus Christ of Latterday Saints,
0.78339,Doctrine and Covenants 2:2,Doctrine and Covenants,960,667.0,217,https://wilfordwoodruffpapers.org/documents/c4e1c210-e5e3-4257-9a81-8c91a3ab0f08/page/fa96f9cb-d5e4-4bf8-89e0-8d3815eea035,first come and turn the hearts of the Fathers to the children and,to the fathers and the hearts of the children shall turn to their fathers,
0.78212,Doctrine and Covenants 136:23,Doctrine and Covenants,2688,1422.0,15,https://wilfordwoodruffpapers.org/documents/3d99b637-a97a-4b98-9596-3a5e875b1c26/page/9487368d-8e98-4355-a4a8-7f45d1e25258,days to save my people Israel cease to contend one with another Cease,Cease to contend one with another cease to speak evil one of another,
0.7809,Doctrine and Covenants 103:30,Doctrine and Covenants,11760,5156.0,294,https://wilfordwoodruffpapers.org/documents/54a46342-ebf2-4582-a6e9-a4f4a0a758cf/page/26d85986-e2a2-47f2-bf29-98064476ceb3,my servant Wilford Woodruff and my servant Orson Pratt and to all the,It is my will that my servant Parley P Pratt and my servant,
0.77729,Doctrine and Covenants 128:17,Doctrine and Covenants,960,667.0,217,https://wilfordwoodruffpapers.org/documents/c4e1c210-e5e3-4257-9a81-8c91a3ab0f08/page/fa96f9cb-d5e4-4bf8-89e0-8d3815eea035,hearts of the Children to the Fathers lest I come and smite the,of the children to their fathers lest I come and smite the earth with a curse,
0.7768,Doctrine and Covenants 136:2,Doctrine and Covenants,1605,670.0,21,https://wilfordwoodruffpapers.org/documents/37d06bae-4d49-4eef-8100-d0ddfdd2c9f9/page/2eb68ab0-4233-49b2-b8d7-4ece871d7665,of Church of Jesus Christ of Latterday Saints met this morning in the,Let all the people of The Church of Jesus Christ of Latterday Saints,1854-03-28|1854-03-29|1854-03-30|1854-03-31|1854-04-01|1854-04-02|1854-04-03|1854-04-04|1854-04-05|1854-04-06
0.7768,Doctrine and Covenants 136:2,Doctrine and Covenants,2115,669.0,334,https://wilfordwoodruffpapers.org/documents/917716c9-fa62-40e5-a046-0bd780ae2cb4/page/253aecae-f644-4f83-9ff4-20b1bb8344e3,of the Church of Jesus Christ of Latterday Saints Met this Morning in,Let all the people of The Church of Jesus Christ of Latterday Saints,1872-03-23|1872-03-24|1872-03-25|1872-03-29|1872-03-30|1872-03-31|1872-04-01|1872-04-02|1872-04-03|1872-04-04|1872-04-05|1872-04-06
0.7764,Doctrine and Covenants 136:6,Doctrine and Covenants,2687,1422.0,14,https://wilfordwoodruffpapers.org/documents/3d99b637-a97a-4b98-9596-3a5e875b1c26/page/b3fd393e-00df-49ea-a12d-71e3979caba9,let them go to with their might to prepare for those who are,When the companies are organized let them go to with their might to prepare for those who are to tarry,1847-01-20|1847-01-21
0.77274,Doctrine and Covenants 88:22,Doctrine and Covenants,4455,670.0,400,https://wilfordwoodruffpapers.org/documents/72c9db9a-7d01-46de-8aa8-fe287f0a79ff/page/2e46056e-8539-4019-9ee8-07d39d73765d,Law and are not able to abide a celestial Glory they will have,For he who is not able to abide the law of a celestial kingdom cannot abide a celestial glory,1859-04-04|1859-04-05|1859-04-06|1859-04-07|1859-04-08
0.77025,Doctrine and Covenants 136:2,Doctrine and Covenants,2076,669.0,295,https://wilfordwoodruffpapers.org/documents/21416c95-8284-48df-9a06-7f46166fac66/page/f66a23d7-1360-4370-bc8c-319f5af33088,Conference of the Church of Jesus Christ of Latterday Saints in the Tabernacle,Let all the people of The Church of Jesus Christ of Latterday Saints,1871-04-03|1871-04-05|1871-04-06|1871-04-07|1871-04-08|1871-04-09|1871-04-10
0.77015,Doctrine and Covenants 136:37,Doctrine and Covenants,2689,1422.0,16,https://wilfordwoodruffpapers.org/documents/3d99b637-a97a-4b98-9596-3a5e875b1c26/page/afae67b4-9d16-4eb3-b9b2-dca24341195b,the ground against them Therefore marvel not at these things for ye are,Therefore marvel not at these things for ye are not yet pure ye,1847-01-22|1847-01-23|1847-01-24|1847-01-25|1847-01-26
0.76896,Doctrine and Covenants 76:34,Doctrine and Covenants,5309,3249.0,36,https://wilfordwoodruffpapers.org/documents/50a0b9c5-39bc-44c0-8863-706f68609f60/page/83523ab0-b969-4d24-a0de-fbc1cb98f099,which their is no forgiveness in this world nor in the world to,Concerning whom I have said there is no forgiveness in this world nor in the world to come,1860-03-17|1860-03-18|1860-03-19
0.76682,Doctrine and Covenants 1:38,Doctrine and Covenants,569,667.0,17,https://wilfordwoodruffpapers.org/documents/0c3a943e-45c2-46f7-8cb4-92f23bcc6715/page/0251d8f4-6aa1-43ed-a2d6-f1ced402dd99,God and though the heavens and earth should pass away my words shall,myself and though the heavens and the earth pass away my word shall,
0.76643,Doctrine and Covenants 109:4,Doctrine and Covenants,11107,5154.0,143,https://wilfordwoodruffpapers.org/documents/1ecc8e47-4990-47b5-a2f4-8b2e73400684/page/efb52a8a-a773-4054-b54f-a22271116f7d,Father we ask thee in the name of thy Son Jesus Christ to,And now we ask thee Holy Father in the name of Jesus Christ,1881-10-03|1881-10-04|1881-10-05|1881-10-06
0.76605,Doctrine and Covenants 133:34,Doctrine and Covenants,6518,4352.0,380,https://wilfordwoodruffpapers.org/documents/01d0b9e2-d749-4961-97ab-db535ed3115b/page/5347564e-70d9-4125-afeb-569ba9d4cae8,God upon the tribes of Israel And the richer blessing upon the head,Behold this is the blessing of the everlasting God upon the tribes of Israel and the richer blessing upon the head of Ephraim and his fellows,
0.76571,Doctrine and Covenants 112:23,Doctrine and Covenants,6520,4352.0,382,https://wilfordwoodruffpapers.org/documents/01d0b9e2-d749-4961-97ab-db535ed3115b/page/5436aee6-44f8-43ac-a642-a24089582d62,that darkness covers the Earth and gross darkness the people and the Lord,Verily verily I say unto you darkness covereth the earth and gross darkness,
0.76447,Doctrine and Covenants 98:16,Doctrine and Covenants,614,667.0,191,https://wilfordwoodruffpapers.org/documents/47be2e0d-9b99-4eea-9d16-7a857f853212/page/209479af-12da-4a13-8ffb-12cdf4012fee,that binds the hearts of the fathers to the children and the children,of the children to their fathers and the hearts of the fathers to the children,
0.76245,Doctrine and Covenants 136:2,Doctrine and Covenants,2322,669.0,177,https://wilfordwoodruffpapers.org/documents/1d34a666-3205-47c5-a067-96f1609e6411/page/021359ce-e405-43be-bfd1-d70b8c6fa8a9,The General Conference of the The Church of Jesus Christ of Latterday Saints,Let all the people of The Church of Jesus Christ of Latterday Saints,1869-03-28|1869-03-29|1869-03-30|1869-03-31|1869-04-01|1869-04-02|1869-04-03|1869-04-04|1869-04-05|1869-04-06
0.76153,Doctrine and Covenants 105:14,Doctrine and Covenants,10991,5154.0,69,https://wilfordwoodruffpapers.org/documents/155bc7b5-097e-48ce-98c0-e701ca1d2cee/page/9ded4bb2-037f-4ecf-bbb3-655136271934,and fight your battles as I have said in a former Commandment it,of Zion for as I said in a former commandment even so will I fulfilI will fight your battles,
0.76101,Doctrine and Covenants 101:89,Doctrine and Covenants,5215,3249.0,102,https://wilfordwoodruffpapers.org/documents/2d30340b-24cf-4526-bc62-17e0e7c736be/page/00cb8998-1d4f-4aa9-83bf-88c8ad17cf11,my hiding place and in my fury I will vex the Nation and,come forth out of his hiding place and in his fury vex the nation,1860-01-01
0.75968,Doctrine and Covenants 43:24,Doctrine and Covenants,160,667.0,116,https://wilfordwoodruffpapers.org/documents/75266a32-81b0-4268-846f-4b02260ceed6/page/20170450-fac6-44ea-b404-e03ba18d1b7f,gather the Jews oft as a hen gathereth her chickens under her wings,together as a hen gathereth her chickens under her wings but ye would not!,
0.75932,Doctrine and Covenants 84:63,Doctrine and Covenants,10991,5154.0,69,https://wilfordwoodruffpapers.org/documents/155bc7b5-097e-48ce-98c0-e701ca1d2cee/page/9ded4bb2-037f-4ecf-bbb3-655136271934,unto you And what I the Lord say unto you mine Apostles I,And as I said unto mine apostles even so I say unto you,
0.75727,Doctrine and Covenants 136:2,Doctrine and Covenants,2186,669.0,41,https://wilfordwoodruffpapers.org/documents/649f6164-758c-449b-b6ae-29d9c1e6d04e/page/fcf62496-d021-4369-9788-5b8cdfe27c9b,of the Church of Jesus Christ of Latterday Saints met at the Bowery,Let all the people of The Church of Jesus Christ of Latterday Saints,1866-09-23|1866-09-24|1866-09-28|1866-09-29|1866-09-30|1866-10-01|1866-10-02|1866-10-03|1866-10-04|1866-10-05|1866-10-06|1866-10-07|1866-10-08
0.75686,Doctrine and Covenants 43:15,Doctrine and Covenants,695,666.0,102,https://wilfordwoodruffpapers.org/documents/70f94fd7-bd68-4494-85f5-bf1c5b0845b3/page/7f8e63a9-7909-403e-a588-4b0cc8ff1865,Ye are not sent out to be taught but to teach let every,Ye are not sent forth to be taught but to teach the children,1839-07-04|1839-07-06|1839-07-07
0.75681,Doctrine and Covenants 2:2,Doctrine and Covenants,1173,667.0,190,https://wilfordwoodruffpapers.org/documents/6fb99d33-47ee-4659-a6df-809fa58c218f/page/99f6569f-fd40-486c-a173-4e6e4c049c21,Lord come that he shall turn the hearts of the fathers to the,to the fathers and the hearts of the children shall turn to their fathers,
0.75604,Doctrine and Covenants 98:13,Doctrine and Covenants,11780,5156.0,297,https://wilfordwoodruffpapers.org/documents/54a46342-ebf2-4582-a6e9-a4f4a0a758cf/page/0c1a4f67-2da1-44de-ba98-fd44125bed01,his life for my sake shall find it again and have eternal life,And whoso layeth down his life in my cause for my name's sake shall find it again even life eternal,
0.75519,Doctrine and Covenants 1:38,Doctrine and Covenants,19,665.0,120,https://wilfordwoodruffpapers.org/documents/6503e9a4-9e3e-439a-8108-d5d7e86579f8/page/a5035909-8c33-433f-b771-812aa5e522c5,show that though the heavens and earth pass away the word of God,myself and though the heavens and the earth pass away my word shall,
0.75449,Doctrine and Covenants 39:2,Doctrine and Covenants,777,663.0,144,https://wilfordwoodruffpapers.org/documents/ca36e462-9a76-4f56-bf7a-1a4375d96e06/page/03e5a86c-2434-4212-8b41-d2854fec551a,to the 1st of St John The light shineth in darkness and and,The light and the life of the world a light which shineth in darkness and the darkness comprehendeth it not,
0.75449,Doctrine and Covenants 34:2,Doctrine and Covenants,777,663.0,144,https://wilfordwoodruffpapers.org/documents/ca36e462-9a76-4f56-bf7a-1a4375d96e06/page/03e5a86c-2434-4212-8b41-d2854fec551a,to the 1st of St John The light shineth in darkness and and,The light and the life of the world a light which shineth in darkness and the darkness comprehendeth it not,
0.75324,Doctrine and Covenants 124:22,Doctrine and Covenants,11760,5156.0,294,https://wilfordwoodruffpapers.org/documents/54a46342-ebf2-4582-a6e9-a4f4a0a758cf/page/26d85986-e2a2-47f2-bf29-98064476ceb3,my servant Wilford Woodruff and my servant Orson Pratt and to all the,Let my servant George and my servant Lyman and my servant John Snider,
0.75298,Doctrine and Covenants 63:3,Doctrine and Covenants,11023,5154.0,75,https://wilfordwoodruffpapers.org/documents/155bc7b5-097e-48ce-98c0-e701ca1d2cee/page/8df47e78-88b1-4da9-9596-07fdc9336444,9 Myself for I take whom I will take and preserve in life,Who willeth to take even them whom he will take and preserveth in life them whom he will preserve,
0.75268,Doctrine and Covenants 58:45,Doctrine and Covenants,2710,1422.0,197,https://wilfordwoodruffpapers.org/documents/ec71e6db-33b1-4a95-98cd-d73b845a6f56/page/8f157848-bd9b-4374-b225-eb3690a4dad9,Joseph used to push the people together from the ends of the Earth,For behold they shall push the people together from the ends of the earth,1849-03-02
0.75218,Doctrine and Covenants 107:56,Doctrine and Covenants,5546,3249.0,192,https://wilfordwoodruffpapers.org/documents/7456c473-8940-48a2-9b21-c5524293fb36/page/f20b968e-e44e-4083-b1ed-a091ee53a606,was bowed down with age being full of the Holy Ghost predicted whatsoever,was bowed down with age being full of the Holy Ghost predicted whatsoever should befall his posterity unto the latest generation,1862-02-12
0.75206,Doctrine and Covenants 118:6,Doctrine and Covenants,10986,5154.0,68,https://wilfordwoodruffpapers.org/documents/155bc7b5-097e-48ce-98c0-e701ca1d2cee/page/6d709237-a307-4cbe-b86d-2d9855ef4b40,the Lord Unto my servant John Taylor 1808 and my servant Wilford Woodruff,Let my servant John Taylor and also my servant John E Page and,
0.75192,Doctrine and Covenants 105:14,Doctrine and Covenants,11780,5156.0,297,https://wilfordwoodruffpapers.org/documents/54a46342-ebf2-4582-a6e9-a4f4a0a758cf/page/0c1a4f67-2da1-44de-ba98-fd44125bed01,you and fight your battles As I have said in a former commandment,of Zion for as I said in a former commandment even so will I fulfilI will fight your battles,
0.75153,Doctrine and Covenants 124:75,Doctrine and Covenants,1564,670.0,100,https://wilfordwoodruffpapers.org/documents/f6fb0076-1155-451e-a230-8e64e28d60aa/page/fa86e63d-d259-40c2-a975-c4c9d2afc8d2,the Lord told him to lift up his voice long and Loud preparing,And let him lift up his voice long and loud in the midst,1855-12-29|1855-12-30
0.75146,Doctrine and Covenants 136:2,Doctrine and Covenants,2687,1422.0,14,https://wilfordwoodruffpapers.org/documents/3d99b637-a97a-4b98-9596-3a5e875b1c26/page/b3fd393e-00df-49ea-a12d-71e3979caba9,Let all the people of the Church of Jesus Christ of Latter day,Let all the people of The Church of Jesus Christ of Latterday Saints,1847-01-20|1847-01-21
0.75144,Doctrine and Covenants 136:4,Doctrine and Covenants,2687,1422.0,14,https://wilfordwoodruffpapers.org/documents/3d99b637-a97a-4b98-9596-3a5e875b1c26/page/b3fd393e-00df-49ea-a12d-71e3979caba9,our covenant that we will walk in all the ordinances of the Lord,And this shall be our covenantthat we will walk in all the ordinances of the Lord,1847-01-20|1847-01-21
0.75027,Doctrine and Covenants 128:18,Doctrine and Covenants,2896,1422.0,23,https://wilfordwoodruffpapers.org/documents/e8e7bea3-0276-4c93-9da0-9e4f38331026/page/b5a0bb25-5aa5-4615-81bd-86464755ac48,perfect Neither can you without me nor I without you be made perfect,made perfect neither can they without us be made perfect Neither can they,
0.7496,Doctrine and Covenants 50:43,Doctrine and Covenants,5295,3249.0,22,https://wilfordwoodruffpapers.org/documents/50a0b9c5-39bc-44c0-8863-706f68609f60/page/19f28e83-ec1f-4d38-a221-cce91cec1997,said I am in the Father and the Father in me Now I,And the Father and I are one I am in the Father and,
0.74597,Doctrine and Covenants 98:16,Doctrine and Covenants,960,667.0,217,https://wilfordwoodruffpapers.org/documents/c4e1c210-e5e3-4257-9a81-8c91a3ab0f08/page/fa96f9cb-d5e4-4bf8-89e0-8d3815eea035,He shall turn the hearts of the Fathers to the Children and the,of the children to their fathers and the hearts of the fathers to the children,
0.74539,Doctrine and Covenants 10:58,Doctrine and Covenants,777,663.0,144,https://wilfordwoodruffpapers.org/documents/ca36e462-9a76-4f56-bf7a-1a4375d96e06/page/03e5a86c-2434-4212-8b41-d2854fec551a,to the 1st of St John The light shineth in darkness and and,I am the light which shineth in darkness and the darkness comprehendeth it not,
0.74509,Doctrine and Covenants 109:61,Doctrine and Covenants,11030,5154.0,76,https://wilfordwoodruffpapers.org/documents/155bc7b5-097e-48ce-98c0-e701ca1d2cee/page/bf34559f-f399-40c2-8646-4920d59dbcc7,as thou knowest for thou knowest all our ways Thou hast given unto,But thou knowest that thou hast a great love for the children of,
0.74484,Doctrine and Covenants 101:90,Doctrine and Covenants,5215,3249.0,102,https://wilfordwoodruffpapers.org/documents/2d30340b-24cf-4526-bc62-17e0e7c736be/page/00cb8998-1d4f-4aa9-83bf-88c8ad17cf11,I will cut off those wicked and unjust stewards and appoint them there,will cut off those wicked unfaithful and unjust stewards and appoint them their portion among hypocrites and unbelievers,1860-01-01
0.74455,Doctrine and Covenants 84:92,Doctrine and Covenants,11769,5156.0,295,https://wilfordwoodruffpapers.org/documents/54a46342-ebf2-4582-a6e9-a4f4a0a758cf/page/05978fe7-272e-492c-87eb-574ca0108fe0,cleanse your feet in water pure water it matters not whether it be,cleanse your feet even with water pure water whether in heat or in,
0.74185,Doctrine and Covenants 38:6,Doctrine and Covenants,2022,669.0,241,https://wilfordwoodruffpapers.org/documents/2abf8f02-d3b0-4834-ad19-ccbf02633226/page/743425a1-2315-4321-8f70-a88b2e8bfd1e,his Church and Kingdom upon the Earth and wo wo is their doom,not hear my voice but harden their hearts and wo wo wo is their doom,1870-03-16|1870-03-17|1870-03-18|1870-03-19|1870-03-20|1870-03-21|1870-03-22|1870-03-23|1870-03-24|1870-03-25|1870-03-26|1870-03-27
0.74135,Doctrine and Covenants 10:21,Doctrine and Covenants,2110,669.0,329,https://wilfordwoodruffpapers.org/documents/917716c9-fa62-40e5-a046-0bd780ae2cb4/page/42ec0b61-3a0a-46e3-ad4f-87aa879f5edb,the world and men love darkness rather than light because their deeds are,love darkness rather than light because their deeds are evil therefore they will not ask of me,1872-01-20|1872-01-21|1872-01-22
0.74088,Doctrine and Covenants 128:17,Doctrine and Covenants,1534,670.0,110,https://wilfordwoodruffpapers.org/documents/b948c569-345d-494f-b7e8-0c172cc29dde/page/21309aa7-a1cd-4ad1-9764-82c31e08d8df,"the great and Dreadful day of the Lord"" ""And He shall turn the",the coming of the great and dreadful day of the Lord And he,
0.74051,Doctrine and Covenants 136:3,Doctrine and Covenants,2905,1422.0,32,https://wilfordwoodruffpapers.org/documents/e8e7bea3-0276-4c93-9da0-9e4f38331026/page/3373d7cf-7a84-4c23-8dab-5efe28f0f23c,appointed Captains over A Hundred and 4 Captains of fifties and Captains of,Let the companies be organized with captains of hundreds captains of fifties and,1847-04-14|1847-04-15|1847-04-16|1847-04-17
0.7397,Doctrine and Covenants 112:30,Doctrine and Covenants,6342,4352.0,204,https://wilfordwoodruffpapers.org/documents/c477e75a-85c2-41db-8823-a519821002cc/page/97f40e5f-eb78-4cdd-929d-e7d743fd0cbc,God in this the last dispensation and fulness of times in the which,this priesthood given for the last days and for the last time in the which is the dispensation of the fulness of times,
0.73817,Doctrine and Covenants 136:2,Doctrine and Covenants,6278,4352.0,140,https://wilfordwoodruffpapers.org/documents/586656dd-6d18-45d4-8579-2fc9e58da36f/page/bff6609e-6427-4382-9526-207817504251,and first Elders of the Church of Jesus Christ of Latterday Saints No,Let all the people of The Church of Jesus Christ of Latterday Saints,1875-09-01
0.73801,Doctrine and Covenants 138:48,Doctrine and Covenants,81,667.0,247,https://wilfordwoodruffpapers.org/documents/4bc07661-803e-49db-b843-a6a4421f3a20/page/66afd65e-c520-417a-b7ea-6b94d29d1f76,and our dead for the fulness of the dispensation of times A dispensation,in the dispensation of the fulness of times for the redemption of the,
0.73617,Doctrine and Covenants 128:16,Doctrine and Covenants,1012,667.0,59,https://wilfordwoodruffpapers.org/documents/34ccb7b2-fc74-467c-9059-615aa1d47ddd/page/20382f31-ca44-4572-921f-353dc6e3cc46,Apostle said why then are ye baptized for the dead if the dead,which are baptized for the dead if the dead rise not at all Why are they then baptized for the dead,
0.73582,Doctrine and Covenants 124:22,Doctrine and Covenants,10986,5154.0,68,https://wilfordwoodruffpapers.org/documents/155bc7b5-097e-48ce-98c0-e701ca1d2cee/page/6d709237-a307-4cbe-b86d-2d9855ef4b40,the Lord Unto my servant John Taylor 1808 and my servant Wilford Woodruff,Let my servant George and my servant Lyman and my servant John Snider,
0.73418,Doctrine and Covenants 112:17,Doctrine and Covenants,11760,5156.0,294,https://wilfordwoodruffpapers.org/documents/54a46342-ebf2-4582-a6e9-a4f4a0a758cf/page/26d85986-e2a2-47f2-bf29-98064476ceb3,my servant Wilford Woodruff and my servant Orson Pratt and to all the,in all places where my servant Joseph and my servant Sidney and my servant Hyrum cannot come,
0.73257,Doctrine and Covenants 2:2,Doctrine and Covenants,3044,1422.0,96,https://wilfordwoodruffpapers.org/documents/3596d420-0bb3-4897-aa4b-61397190e5e7/page/f223f855-ed36-4f7f-ad77-9a4aa01d2ae6,the fathers to the children and the children to their fathers the fulfillment,to the fathers and the hearts of the children shall turn to their fathers,
0.72858,Doctrine and Covenants 109:1,Doctrine and Covenants,6351,4352.0,213,https://wilfordwoodruffpapers.org/documents/c477e75a-85c2-41db-8823-a519821002cc/page/19f36616-3622-45d1-baec-994854c160fe,Israel Thou who showest Mercy unto those who walk uprightly before thee according,and showest mercy unto thy servants who walk uprightly before thee with all their hearts,
0.72826,Doctrine and Covenants 20:79,Doctrine and Covenants,1077,665.0,85,https://wilfordwoodruffpapers.org/documents/7faeb4d6-cd79-4d9d-ac46-d802357bed33/page/3443c230-5349-46e7-aaeb-ecf3cdf355fc,AMEN O GOD THE Eternal Father I ASK THE IN THE NAME OF,O God the Eternal Father we ask thee in the name of thy,1836-05-31
0.72826,Doctrine and Covenants 20:77,Doctrine and Covenants,1077,665.0,85,https://wilfordwoodruffpapers.org/documents/7faeb4d6-cd79-4d9d-ac46-d802357bed33/page/3443c230-5349-46e7-aaeb-ecf3cdf355fc,AMEN O GOD THE Eternal Father I ASK THE IN THE NAME OF,O God the Eternal Father we ask thee in the name of thy,1836-05-31
0.72783,Doctrine and Covenants 63:5,Doctrine and Covenants,10996,5154.0,70,https://wilfordwoodruffpapers.org/documents/155bc7b5-097e-48ce-98c0-e701ca1d2cee/page/3e5ee3d2-665c-4e77-a152-12512ef9fe2a,feet for I the Lord utter my word and it shall be obeyed,Behold I the Lord utter my voice and it shall be obeyed,
0.7278,Doctrine and Covenants 124:70,Doctrine and Covenants,11760,5156.0,294,https://wilfordwoodruffpapers.org/documents/54a46342-ebf2-4582-a6e9-a4f4a0a758cf/page/26d85986-e2a2-47f2-bf29-98064476ceb3,my servant Wilford Woodruff and my servant Orson Pratt and to all the,my servant Lyman Wight and my servant John Snider and my servant Peter,
0.72592,Doctrine and Covenants 98:16,Doctrine and Covenants,1534,670.0,110,https://wilfordwoodruffpapers.org/documents/b948c569-345d-494f-b7e8-0c172cc29dde/page/21309aa7-a1cd-4ad1-9764-82c31e08d8df,Fathers and the children to the Fathers now and those which are to,of the children to their fathers and the hearts of the fathers to the children,
0.72578,Doctrine and Covenants 136:13,Doctrine and Covenants,2688,1422.0,15,https://wilfordwoodruffpapers.org/documents/3d99b637-a97a-4b98-9596-3a5e875b1c26/page/9487368d-8e98-4355-a4a8-7f45d1e25258,let my servants Orson Pratt and Wilford Woodr[uff] organize a company Also let,And let my servants Orson Pratt and Wilford Woodruff organize a company,
0.72507,Doctrine and Covenants 107:17,Doctrine and Covenants,5255,3249.0,62,https://wilfordwoodruffpapers.org/documents/5af7f715-0d8d-46bf-90a3-32695824477e/page/3db61a46-28e5-4fe8-92b8-79e20b586e1c,Twelve He can officiate in all the lesser offices of the Church whether,in all the lesser offices he may officiate in the office of bishop,1860-07-28
0.72507,Doctrine and Covenants 68:19,Doctrine and Covenants,5255,3249.0,62,https://wilfordwoodruffpapers.org/documents/5af7f715-0d8d-46bf-90a3-32695824477e/page/3db61a46-28e5-4fe8-92b8-79e20b586e1c,Twelve He can officiate in all the lesser offices of the Church whether,in all the lesser offices he may officiate in the office of bishop,1860-07-28
0.72487,Doctrine and Covenants 112:14,Doctrine and Covenants,10991,5154.0,69,https://wilfordwoodruffpapers.org/documents/155bc7b5-097e-48ce-98c0-e701ca1d2cee/page/9ded4bb2-037f-4ecf-bbb3-655136271934,unto you And what I the Lord say unto you mine Apostles I,Now I say unto you and what I say unto you I say,
0.72451,Doctrine and Covenants 98:16,Doctrine and Covenants,2818,1422.0,306,https://wilfordwoodruffpapers.org/documents/fc109354-b97c-4c06-8b88-dff1fcfb992c/page/bc35c7a8-2141-42c0-b1f1-da768dc292ea,the church are to seal the fathers to their children the children to,of the children to their fathers and the hearts of the fathers to the children,1851-02-03
0.72271,Doctrine and Covenants 136:39,Doctrine and Covenants,2689,1422.0,16,https://wilfordwoodruffpapers.org/documents/3d99b637-a97a-4b98-9596-3a5e875b1c26/page/afae67b4-9d16-4eb3-b9b2-dca24341195b,timony with his blood that he might be honored and the wicked might,should seal his testimony with his blood that he might be honored and the wicked might be condemned,1847-01-22|1847-01-23|1847-01-24|1847-01-25|1847-01-26
0.72168,Doctrine and Covenants 136:29,Doctrine and Covenants,2688,1422.0,15,https://wilfordwoodruffpapers.org/documents/3d99b637-a97a-4b98-9596-3a5e875b1c26/page/9487368d-8e98-4355-a4a8-7f45d1e25258,the Lord thy God with supplication that your souls may be joyful Fear,If thou art sorrowful call on the Lord thy God with supplication that your souls may be joyful,
0.7213,Doctrine and Covenants 98:16,Doctrine and Covenants,960,667.0,217,https://wilfordwoodruffpapers.org/documents/c4e1c210-e5e3-4257-9a81-8c91a3ab0f08/page/fa96f9cb-d5e4-4bf8-89e0-8d3815eea035,first come and turn the hearts of the Fathers to the children and,of the children to their fathers and the hearts of the fathers to the children,
0.72034,Doctrine and Covenants 136:2,Doctrine and Covenants,6160,4352.0,62,https://wilfordwoodruffpapers.org/documents/3893ff86-ff5f-4164-9cdc-e74aedf3edc9/page/d40eae19-77ae-4b9e-b416-5e8730f24481,was Baptized into the Church of Jesus Christ of Latterday Saints I rode,Let all the people of The Church of Jesus Christ of Latterday Saints,1873-12-27|1873-12-28|1873-12-29|1873-12-30|1873-12-31
0.71998,Doctrine and Covenants 136:2,Doctrine and Covenants,98,665.0,155,https://wilfordwoodruffpapers.org/documents/0c135f54-be55-48db-8cf0-91d0e9f2258f/page/2a8ec677-efc0-4d0e-845e-3c41c4086b08,the truth or the Church of Jesus Christ of Latterday Saints had it,Let all the people of The Church of Jesus Christ of Latterday Saints,1837-06-05|1837-06-06|1837-06-07
0.71991,Doctrine and Covenants 84:64,Doctrine and Covenants,10991,5154.0,69,https://wilfordwoodruffpapers.org/documents/155bc7b5-097e-48ce-98c0-e701ca1d2cee/page/9ded4bb2-037f-4ecf-bbb3-655136271934,unto you And what I the Lord say unto you mine Apostles I,Therefore as I said unto mine apostles I say unto you again that,
0.7194,Doctrine and Covenants 45:7,Doctrine and Covenants,777,663.0,144,https://wilfordwoodruffpapers.org/documents/ca36e462-9a76-4f56-bf7a-1a4375d96e06/page/03e5a86c-2434-4212-8b41-d2854fec551a,to the 1st of St John The light shineth in darkness and and,beginning and the end the light and the life of the worlda light that shineth in darkness and the darkness comprehendeth it not,
0.7186,Doctrine and Covenants 20:77,Doctrine and Covenants,2920,1422.0,388,https://wilfordwoodruffpapers.org/documents/6ffc4144-3acd-4a82-b3f1-89aaa0460e6d/page/2457b3b5-1fe1-4b02-87b6-f04aa332c5c9,O God the Eternal Father I ask in the name of Jesus Christ,O God the Eternal Father we ask thee in the name of thy,
0.7186,Doctrine and Covenants 20:79,Doctrine and Covenants,2920,1422.0,388,https://wilfordwoodruffpapers.org/documents/6ffc4144-3acd-4a82-b3f1-89aaa0460e6d/page/2457b3b5-1fe1-4b02-87b6-f04aa332c5c9,O God the Eternal Father I ask in the name of Jesus Christ,O God the Eternal Father we ask thee in the name of thy,
0.71809,Doctrine and Covenants 135:6,Doctrine and Covenants,2246,669.0,101,https://wilfordwoodruffpapers.org/documents/ede1978f-5b8e-4c94-ab7b-4ab50a3629ff/page/36e5f116-3c8a-4282-af5c-3138da242467,in God To learn the Bible Book of Mormon and Doctrine and Covenants,the Book of Mormon and this book of Doctrine and Covenants of the,
0.717,Doctrine and Covenants 136:15,Doctrine and Covenants,2692,1422.0,19,https://wilfordwoodruffpapers.org/documents/3d99b637-a97a-4b98-9596-3a5e875b1c26/page/245cf9b0-18c9-4ead-aaf9-28c5690c0c83,Council captains of Hundreds fifties and tens to further the organization of the,And appoint presidents and captains of hundreds and of fifties and of tens,1847-02-15|1847-02-16
0.71645,Doctrine and Covenants 109:4,Doctrine and Covenants,1079,665.0,87,https://wilfordwoodruffpapers.org/documents/7faeb4d6-cd79-4d9d-ac46-d802357bed33/page/1f6714f0-dee6-40c4-b762-14f9665eb5e8,with her father O God I ask thee in the name of Christ,And now we ask thee Holy Father in the name of Jesus Christ,1836-06-01|1836-06-02|1836-06-03|1836-06-04|1836-06-05
0.71635,Doctrine and Covenants 49:14,Doctrine and Covenants,776,663.0,143,https://wilfordwoodruffpapers.org/documents/ca36e462-9a76-4f56-bf7a-1a4375d96e06/page/e0d85b42-6ab9-45ea-8246-425497dccbd2,the gift of the Holy Ghost by the laying on of hands When,And whoso doeth this shall receive the gift of the Holy Ghost by the laying on of the hands of the elders of the church,
0.71546,Doctrine and Covenants 2:2,Doctrine and Covenants,1534,670.0,110,https://wilfordwoodruffpapers.org/documents/b948c569-345d-494f-b7e8-0c172cc29dde/page/21309aa7-a1cd-4ad1-9764-82c31e08d8df,Hearts of the Fathers to the children and the hearts of the children,to the fathers and the hearts of the children shall turn to their fathers,
0.71534,Doctrine and Covenants 38:39,Doctrine and Covenants,1548,670.0,84,https://wilfordwoodruffpapers.org/documents/f6fb0076-1155-451e-a230-8e64e28d60aa/page/8ae86952-bad2-4207-89d8-94117b4ffd86,beware of pride lest we become like the Nephites of old and some,that the riches of the earth are mine to give but beware of pride lest ye become as the Nephites of old,
0.71505,Doctrine and Covenants 20:79,Doctrine and Covenants,11107,5154.0,143,https://wilfordwoodruffpapers.org/documents/1ecc8e47-4990-47b5-a2f4-8b2e73400684/page/efb52a8a-a773-4054-b54f-a22271116f7d,Father we ask thee in the name of thy Son Jesus Christ to,O God the Eternal Father we ask thee in the name of thy,1881-10-03|1881-10-04|1881-10-05|1881-10-06
0.71505,Doctrine and Covenants 20:77,Doctrine and Covenants,11107,5154.0,143,https://wilfordwoodruffpapers.org/documents/1ecc8e47-4990-47b5-a2f4-8b2e73400684/page/efb52a8a-a773-4054-b54f-a22271116f7d,Father we ask thee in the name of thy Son Jesus Christ to,O God the Eternal Father we ask thee in the name of thy,1881-10-03|1881-10-04|1881-10-05|1881-10-06
0.71489,Doctrine and Covenants 42:18,Doctrine and Covenants,1583,670.0,79,https://wilfordwoodruffpapers.org/documents/3f0ca611-7598-454f-b284-614ccecebd89/page/cc68d918-7330-4715-8471-b08eaa1690b7,there is no forgiveness in this world nor in the world to come,he that kills shall not have forgiveness in this world nor in the world to come,
0.71461,Doctrine and Covenants 93:53,Doctrine and Covenants,1610,670.0,26,https://wilfordwoodruffpapers.org/documents/37d06bae-4d49-4eef-8100-d0ddfdd2c9f9/page/b4087c01-79a4-497b-bb57-899b36f30753,say to such that it is my will that you should do it,And verily I say unto you that it is my will that you,
0.71424,Doctrine and Covenants 136:5,Doctrine and Covenants,2687,1422.0,14,https://wilfordwoodruffpapers.org/documents/3d99b637-a97a-4b98-9596-3a5e875b1c26/page/b3fd393e-00df-49ea-a12d-71e3979caba9,Let each company provide themselves with all the Teams waggons provisions clothing and,Let each company provide themselves with all the teams wagons provisions clothing and other necessaries for the journey that they can,1847-01-20|1847-01-21
0.71195,Doctrine and Covenants 61:36,Doctrine and Covenants,10991,5154.0,69,https://wilfordwoodruffpapers.org/documents/155bc7b5-097e-48ce-98c0-e701ca1d2cee/page/9ded4bb2-037f-4ecf-bbb3-655136271934,unto you And what I the Lord say unto you mine Apostles I,And now verily I say unto you and what I say unto one,
0.71119,Doctrine and Covenants 88:49,Doctrine and Covenants,777,663.0,144,https://wilfordwoodruffpapers.org/documents/ca36e462-9a76-4f56-bf7a-1a4375d96e06/page/03e5a86c-2434-4212-8b41-d2854fec551a,to the 1st of St John The light shineth in darkness and and,The light shineth in darkness and the darkness comprehendeth it not nevertheless the,
0.71097,Doctrine and Covenants 124:70,Doctrine and Covenants,10986,5154.0,68,https://wilfordwoodruffpapers.org/documents/155bc7b5-097e-48ce-98c0-e701ca1d2cee/page/6d709237-a307-4cbe-b86d-2d9855ef4b40,the Lord Unto my servant John Taylor 1808 and my servant Wilford Woodruff,my servant Lyman Wight and my servant John Snider and my servant Peter,
0.71075,Doctrine and Covenants 76:54,Doctrine and Covenants,4480,670.0,425,https://wilfordwoodruffpapers.org/documents/3a1e8301-0fa0-477d-8d97-6793d1d92993/page/eb55fca8-d0e3-4075-a489-e8c7709b4bda,and are they confined to the leaders of the Church Y They are,They are they who are the church of the Firstborn,
0.71052,Doctrine and Covenants 118:6,Doctrine and Covenants,11760,5156.0,294,https://wilfordwoodruffpapers.org/documents/54a46342-ebf2-4582-a6e9-a4f4a0a758cf/page/26d85986-e2a2-47f2-bf29-98064476ceb3,my servant Wilford Woodruff and my servant Orson Pratt and to all the,also my servant Wilford Woodruff and also my servant Willard Richards be appointed,
0.70997,Doctrine and Covenants 124:32,Doctrine and Covenants,1276,667.0,126,https://wilfordwoodruffpapers.org/documents/a35305b6-8844-4c3e-9109-e4ba7979e513/page/6cd60c5e-a3db-4fa1-b27d-61f3363861d5,be rejected as a Church with your dead saith the Lord so if,at the end of the appointment ye shall be rejected as a church with your dead saith the Lord your God,
0.70991,Doctrine and Covenants 88:105,Doctrine and Covenants,11112,5154.0,144,https://wilfordwoodruffpapers.org/documents/1ecc8e47-4990-47b5-a2f4-8b2e73400684/page/e04002f2-5466-4709-b219-004b2520f54a,dead but it will take the trump of the sixth angel to sound,And again another angel shall sound his trump which is the sixth angel,
0.70877,Doctrine and Covenants 50:24,Doctrine and Covenants,1031,668.0,99,https://wilfordwoodruffpapers.org/documents/9724aa9f-8a8b-49b3-abf2-add1fce537ad/page/b9a5b05b-7553-44be-9887-68a2566fe699,until the light was growing brighter and brighter and a prospect of many,continueth in God receiveth more light and that light groweth brighter and brighter until the perfect day,1845-06-23
0.7084,Doctrine and Covenants 20:39,Doctrine and Covenants,6610,4352.0,472,https://wilfordwoodruffpapers.org/documents/39317df1-6846-4785-83ef-d764927c8ba5/page/c9bf3988-5a29-4d9b-8652-ae449e29a5cb,get the young Men together and Ordain Priests Teachers and Deacons the spirit,And to ordain other elders priests teachers and deacons,1880-01-12|1880-01-13|1880-01-14|1880-01-15|1880-01-16|1880-01-17
0.70829,Doctrine and Covenants 136:2,Doctrine and Covenants,2282,669.0,137,https://wilfordwoodruffpapers.org/documents/8561114c-3c10-48e4-87e5-271aeaa7d788/page/5d8b45bb-5051-4136-983c-49e91ff7758a,funeral Ever attended in the Church of Jesus Christ of Latterday Saints The,Let all the people of The Church of Jesus Christ of Latterday Saints,1868-06-24
0.70747,Doctrine and Covenants 88:139,Doctrine and Covenants,2146,669.0,365,https://wilfordwoodruffpapers.org/documents/8bc7bb6e-cf60-4006-804c-2717d9f4ad71/page/f7a4c53c-b82c-40b1-baf9-2dda08e75689,I received the ordinance of washing of feet under the Hands of Heber,And he shall be received by the ordinance of the washing of feet for unto this end was the ordinance of the washing of feet instituted,
0.70746,Doctrine and Covenants 20:79,Doctrine and Covenants,11042,5154.0,78,https://wilfordwoodruffpapers.org/documents/155bc7b5-097e-48ce-98c0-e701ca1d2cee/page/663d6ba9-13c0-4c4e-9056-27727c25ba38,our Eternal Father we ask in the name of thy Son Jesus Christ,O God the Eternal Father we ask thee in the name of thy,
0.70746,Doctrine and Covenants 20:77,Doctrine and Covenants,11042,5154.0,78,https://wilfordwoodruffpapers.org/documents/155bc7b5-097e-48ce-98c0-e701ca1d2cee/page/663d6ba9-13c0-4c4e-9056-27727c25ba38,our Eternal Father we ask in the name of thy Son Jesus Christ,O God the Eternal Father we ask thee in the name of thy,
0.70648,Doctrine and Covenants 97:10,Doctrine and Covenants,1610,670.0,26,https://wilfordwoodruffpapers.org/documents/37d06bae-4d49-4eef-8100-d0ddfdd2c9f9/page/b4087c01-79a4-497b-bb57-899b36f30753,say to such that it is my will that you should do it,Verily I say unto you that it is my will that a house,
0.70408,Doctrine and Covenants 136:2,Doctrine and Covenants,12111,5156.0,136,https://wilfordwoodruffpapers.org/documents/fab347bd-f844-4af2-a001-c931aa3575ba/page/227691f3-84a9-438e-8012-d47f216b0810,Office of The First Presidency of the Church of Jesus Christ of Latterday,Let all the people of The Church of Jesus Christ of Latterday Saints,
0.70348,Doctrine and Covenants 97:7,Doctrine and Covenants,971,667.0,228,https://wilfordwoodruffpapers.org/documents/c4e1c210-e5e3-4257-9a81-8c91a3ab0f08/page/dc1902e4-041b-45f2-8610-19c8f933ce04,henceforth the ax is laid unto the root of the tree and evry,The ax is laid at the root of the trees and every tree,1844-03-25|1844-03-26|1844-03-27|1844-03-28
0.70347,Doctrine and Covenants 29:2,Doctrine and Covenants,160,667.0,116,https://wilfordwoodruffpapers.org/documents/75266a32-81b0-4268-846f-4b02260ceed6/page/20170450-fac6-44ea-b404-e03ba18d1b7f,gather the Jews oft as a hen gathereth her chickens under her wings,Who will gather his people even as a hen gathereth her chickens under,
0.70277,Doctrine and Covenants 20:79,Doctrine and Covenants,1079,665.0,87,https://wilfordwoodruffpapers.org/documents/7faeb4d6-cd79-4d9d-ac46-d802357bed33/page/1f6714f0-dee6-40c4-b762-14f9665eb5e8,with her father O God I ask thee in the name of Christ,O God the Eternal Father we ask thee in the name of thy,1836-06-01|1836-06-02|1836-06-03|1836-06-04|1836-06-05
0.70277,Doctrine and Covenants 20:77,Doctrine and Covenants,1079,665.0,87,https://wilfordwoodruffpapers.org/documents/7faeb4d6-cd79-4d9d-ac46-d802357bed33/page/1f6714f0-dee6-40c4-b762-14f9665eb5e8,with her father O God I ask thee in the name of Christ,O God the Eternal Father we ask thee in the name of thy,1836-06-01|1836-06-02|1836-06-03|1836-06-04|1836-06-05
0.70158,Doctrine and Covenants 75:31,Doctrine and Covenants,11760,5156.0,294,https://wilfordwoodruffpapers.org/documents/54a46342-ebf2-4582-a6e9-a4f4a0a758cf/page/26d85986-e2a2-47f2-bf29-98064476ceb3,my servant Wilford Woodruff and my servant Orson Pratt and to all the,And also my servant Ezra Thayre and my servant Thomas B Marsh,
0.70154,Doctrine and Covenants 136:2,Doctrine and Covenants,427,665.0,136,https://wilfordwoodruffpapers.org/documents/4612917e-0ea0-462d-b25f-4addfa5436a4/page/9ffc563c-fa66-4f32-971d-93f3dbddfd36,day the Church of Jesus Christ of Latterday Saints was first organized in,Let all the people of The Church of Jesus Christ of Latterday Saints,1837-04-05|1837-04-06
0.70098,Doctrine and Covenants 81:6,Doctrine and Covenants,93,665.0,150,https://wilfordwoodruffpapers.org/documents/0c135f54-be55-48db-8cf0-91d0e9f2258f/page/0e56bbe8-6db9-4b89-8211-9757e7e5c990,^thou art of the blood of Ephraim^ thou shalt have a celestial crown,And if thou art faithful unto the end thou shalt have a crown,
0.70095,Doctrine and Covenants 136:2,Doctrine and Covenants,1044,665.0,32,https://wilfordwoodruffpapers.org/documents/5f112d6d-f4d5-4873-81ce-1f1c4e9abe3a/page/8ade6a62-3a79-4e48-b213-7c570b94717c,of the Church of Jesus Christ of Latterday Saints in Clay County Missouri,Let all the people of The Church of Jesus Christ of Latterday Saints,1834-12-31
0.70094,Doctrine and Covenants 112:1,Doctrine and Covenants,10979,5154.0,67,https://wilfordwoodruffpapers.org/documents/155bc7b5-097e-48ce-98c0-e701ca1d2cee/page/efed2219-7214-41da-b542-b02b8e0c8949,saith the Lord unto my servant Wilford Woodruff I have heard thy Prayers,Verily thus saith the Lord unto you my servant Thomas I have heard,
0.70038,Doctrine and Covenants 101:89,Doctrine and Covenants,2765,1422.0,252,https://wilfordwoodruffpapers.org/documents/444d870f-113a-48f7-b66e-889ac9ab3426/page/0163bafc-0042-4463-b2d6-867b63ad07d9,that He will arise out of his Hiding place and in his fury He will vex the Nation And in his Hot displeasure,come forth out of his hiding place and in his fury vex the nation,
0.70027,Doctrine and Covenants 112:23,Doctrine and Covenants,4338,670.0,283,https://wilfordwoodruffpapers.org/documents/b9e85fb9-5063-4abc-9900-c36ab7f011ef/page/b1f1bc55-80d7-4ee4-b073-a4955e55872f,"they do ""Darkness covers the Earth and gross darkness the people"" ""The Heathen",Verily verily I say unto you darkness covereth the earth and gross darkness,
0.70012,Doctrine and Covenants 128:15,Doctrine and Covenants,81,667.0,247,https://wilfordwoodruffpapers.org/documents/4bc07661-803e-49db-b843-a6a4421f3a20/page/66afd65e-c520-417a-b7ea-6b94d29d1f76,relation to our dead Paul cannot be made perfect without us for it,without us cannot be made perfectneither can we without our dead be made perfect,
